{
  "water": {
    "posY": 3.5,
    "normalStrength": 1.8,
    "speed": 0,
    "scale": 0.08,
    "opacity": 0.06,
    "baseColor": "#070a10",
    "wavesEnabled": 1,
    "texMix": 0.34,
    "contourBright": 0.9,
    "psxSnap": 78
  },
  "beam": {
    "pos": {
      "x": -0.4,
      "y": 8.64,
      "z": -0.95
    },
    "tilt": 0.3,
    "speed": 0.8,
    "lengthScale": 1,
    "colorHex": "ffffff",
    "enabled": true
  },
  "lights": {
    "base": {
      "red": 100,
      "green": 40,
      "blue": 80,
      "top": 0
    },
    "red": [
      5.531815177181178,
      6,
      -0.37285499260164645
    ],
    "green": [
      1.0894020917538159,
      6,
      5.273822435623179
    ],
    "blue": [
      -1.7139693262944897,
      6.3,
      -3.597542098227846
    ],
    "top": [
      0,
      18.431088784125667,
      4
    ]
  },
  "bloom": {
    "strength": 0.45,
    "threshold": 0.55,
    "radius": 0.5
  },
  "pixelSize": 4.5,
  "ca": 0.01
}